{"cameraMode":{"drawMode":0,"name":"Shaded","section":"Shading Mode"},"sceneLighting":true,"audioPlay":false,"sceneViewState":{"m_AlwaysRefresh":false,"showFog":true,"showSkybox":true,"showFlares":true,"showImageEffects":true,"showParticleSystems":true,"showVisualEffectGraphs":true,"m_FxEnabled":true},"in2DMode":false,"pivot":{"x":-11.522077560424805,"y":-13.82952880859375,"z":30.180103302001954},"rotation":{"x":0.20468389987945558,"y":-0.19237947463989259,"z":0.041067201644182208,"w":0.9588603973388672},"size":24.60449981689453,"orthographic":false}